pk,cover_image,user,listens,added_at
9,https://vmp-www.imgix.net/images/album_cover_covers_header.original.jpg?auto=format&w=650&h=433.33&fit=crop&bri=-10,1,0,2020-05-14 04:27:39.112596
4,https://static.billboard.com/files/media/Miles-Davis-Bitches-Brew-album-covers-billboard-1000x1000-compressed.jpg,1,0,2020-05-14 04:25:35.865465
8,https://i.ytimg.com/vi/kOR3VnY83y4/maxresdefault.jpg,1,0,2020-05-14 04:27:09.613780
5,https://i.pinimg.com/originals/e9/bb/e9/e9bbe9322c36a41318c90c1747e78d2b.png,1,0,2020-05-14 04:25:59.740254
1,"https://fiverr-res.cloudinary.com/images/t_main1,q_auto,f_auto,q_auto,f_auto/attachments/delivery/asset/3aba3bb0cac851057ffb1f99bad4fa57-1564002973/cardboardcutout/design-your-album-cover.jpg",1,0,2020-05-13 10:20:17.593771
2,"https://fiverr-res.cloudinary.com/images/t_main1,q_auto,f_auto,q_auto,f_auto/attachments/delivery/asset/3aba3bb0cac851057ffb1f99bad4fa57-1564002973/cardboardcutout/design-your-album-cover.jpg",1,0,2020-05-13 10:20:30.089445
6,https://d1csarkz8obe9u.cloudfront.net/posterpreviews/artistic-album-cover-design-template-d12ef0296af80b58363dc0deef077ecc_screen.jpg?ts=1561488440,1,0,2020-05-14 04:26:25.410161
7,https://cdn.pastemagazine.com/www/articles/2019/11/25/acidrapp.jpg,1,0,2020-05-14 04:26:48.422597
3,google.com,1,0,2020-05-14 01:32:18.146390
